<?xml version="1.0"?>
<opencv_storage>
<cascade>
  <stageType>BOOST</stageType>
  <featureType>HAAR</featureType>
  <height>24</height>
  <width>24</width>
  <stageParams>
    <boostType>GAB</boostType>
    <minHitRate>9.9500000476837158e-01</minHitRate>
    <maxFalseAlarm>5.0000000000000000e-01</maxFalseAlarm>
    <weightTrimRate>9.4999999999999996e-01</weightTrimRate>
    <maxDepth>1</maxDepth>
    <maxWeakCount>100</maxWeakCount></stageParams>
  <featureParams>
    <maxCatCount>0</maxCatCount>
    <featSize>1</featSize>
    <mode>BASIC</mode></featureParams>
  <stageNum>18</stageNum>
  <stages>
    <!-- stage 0 -->
    <_>
      <maxWeakCount>3</maxWeakCount>
      <stageThreshold>-6.6788226366043091e-01</stageThreshold>
      <weakClassifiers>
        <_>
          <internalNodes>
            0 -1 29 -1.9357386231422424e-01</internalNodes>
          <leafValues>
            6.1111110448837280e-01 -8.8832485675811768e-01</leafValues></_>
        <_>
          <internalNodes>
            0 -1 24 -2.3723880946636200e-01</internalNodes>
          <leafValues>
            9.1273039579391479e-01 -5.2854001522064209e-01</leafValues></_>
        <_>
          <internalNodes>
            0 -1 48 -1.7857421934604645e-01</internalNodes>
          <leafValues>
            7.4898260831832886e-01 -6.6854685544967651e-01</leafValues></_></weakClassifiers></_>
    <!-- stage 1 -->
    <_>
      <maxWeakCount>5</maxWeakCount>
      <stageThreshold>-1.2643454074859619e+00</stageThreshold>
      <weakClassifiers>
        <_>
          <internalNodes>
            0 -1 43 -1.1712836101651192e-02</internalNodes>
          <leafValues>
            4.8514851927757263e-01 -7.1167045831680298e-01</leafValues></_>
        <_>
          <internalNodes>
            0 -1 6 -9.0481117367744446e-02</internalNodes>
          <leafValues>
            6.6324788331985474e-01 -5.5751758813858032e-01</leafValues></_>
        <_>
          <internalNodes>
            0 -1 91 -2.3902256041765213e-02</internalNodes>
          <leafValues>
            7.8905534744262695e-01 -3.3032181859016418e-01</leafValues></_>
        <_>
          <internalNodes>
            0 -1 28 -2.5759628042578697e-02</internalNodes>
          <leafValues>
            8.8362252712249756e-01 -2.8251153230667114e-01</leafValues></_>
        <_>
          <internalNodes>
            0 -1 8 -4.5355800539255142e-03</internalNodes>
          <leafValues>
            6.3392770290374756e-01 -5.4845803976058960e-01</leafValues></_></weakClassifiers></_>
    <!-- stage 2 -->
    <_>
      <maxWeakCount>5</maxWeakCount>
      <stageThreshold>-1.3032999038696289e+00</stageThreshold>
      <weakClassifiers>
        <_>
          <internalNodes>
            0 -1 16 -3.2671752572059631e-01</internalNodes>
          <leafValues>
            8.2456141710281372e-01 -6.4241164922714233e-01</leafValues></_>
        <_>
          <internalNodes>
            0 -1 20 8.0115962773561478e-03</internalNodes>
          <leafValues>
            -5.2585530281066895e-01 4.3779468536376953e-01</leafValues></_>
        <_>
          <internalNodes>
            0 -1 98 1.5288097783923149e-03</internalNodes>
          <leafValues>
            -6.4969593286514282e-01 3.9717054367065430e-01</leafValues></_>
        <_>
          <internalNodes>
            0 -1 33 -2.0847462117671967e-02</internalNodes>
          <leafValues>
            -8.7867051362991333e-01 2.9811713099479675e-01</leafValues></_>
        <_>
          <internalNodes>
            0 -1 86 2.6186829200014472e-04</internalNodes>
          <leafValues>
            2.1654589474201202e-01 -9.3897730112075806e-01</leafValues></_></weakClassifiers></_>
    <!-- stage 3 -->
    <_>
      <maxWeakCount>6</maxWeakCount>
      <stageThreshold>-1.0349385738372803e+00</stageThreshold>
      <weakClassifiers>
        <_>
          <internalNodes>
            0 -1 21 -1.9847893714904785e-01</internalNodes>
          <leafValues>
            7.4074071645736694e-01 -6.2396693229675293e-01</leafValues></_>
        <_>
          <internalNodes>
            0 -1 27 2.2287341952323914e-01</internalNodes>
          <leafValues>
            -4.6891549229621887e-01 4.7861176729202271e-01</leafValues></_>
        <_>
          <internalNodes>
            0 -1 97 5.5386354215443134e-03</internalNodes>
          <leafValues>
            -4.7893530130386353e-01 5.7541269063949585e-01</leafValues></_>
        <_>
          <internalNodes>
            0 -1 89 1.1532271746546030e-03</internalNodes>
          <leafValues>
            2.3852834105491638e-01 -9.7784996032714844e-01</leafValues></_>
        <_>
          <internalNodes>
            0 -1 85 3.6173962056636810e-02</internalNodes>
          <leafValues>
            -3.0644774436950684e-01 8.3956813812255859e-01</leafValues></_>
        <_>
          <internalNodes>
            0 -1 95 1.4444700442254543e-02</internalNodes>
          <leafValues>
            -3.4272861480712891e-01 6.7015051841735840e-01</leafValues></_></weakClassifiers></_>
    <!-- stage 4 -->
    <_>
      <maxWeakCount>6</maxWeakCount>
      <stageThreshold>-7.9340964555740356e-01</stageThreshold>
      <weakClassifiers>
        <_>
          <internalNodes>
            0 -1 3 1.2349094264209270e-02</internalNodes>
          <leafValues>
            -7.0163172483444214e-01 3.5779815912246704e-01</leafValues></_>
        <_>
          <internalNodes>
            0 -1 0 -1.7331482842564583e-02</internalNodes>
          <leafValues>
            6.7663985490798950e-01 -4.1041952371597290e-01</leafValues></_>
        <_>
          <internalNodes>
            0 -1 22 9.1873817145824432e-03</internalNodes>
          <leafValues>
            -3.7019222974777222e-01 6.5627008676528931e-01</leafValues></_>
        <_>
          <internalNodes>
            0 -1 73 1.3708431273698807e-02</internalNodes>
          <leafValues>
            2.4501003324985504e-01 -8.9716237783432007e-01</leafValues></_>
        <_>
          <internalNodes>
            0 -1 63 -1.1470984667539597e-02</internalNodes>
          <leafValues>
            7.8681069612503052e-01 -2.8498673439025879e-01</leafValues></_>
        <_>
          <internalNodes>
            0 -1 1 9.2675024643540382e-03</internalNodes>
          <leafValues>
            -2.6024436950683594e-01 7.9788601398468018e-01</leafValues></_></weakClassifiers></_>
    <!-- stage 5 -->
    <_>
      <maxWeakCount>6</maxWeakCount>
      <stageThreshold>-8.6535608768463135e-01</stageThreshold>
      <weakClassifiers>
        <_>
          <internalNodes>
            0 -1 36 -1.2983834743499756e-01</internalNodes>
          <leafValues>
            4.0659341216087341e-01 -6.6890382766723633e-01</leafValues></_>
        <_>
          <internalNodes>
            0 -1 102 1.5491701196879148e-04</internalNodes>
          <leafValues>
            1.6263204813003540e-01 -8.3627104759216309e-01</leafValues></_>
        <_>
          <internalNodes>
            0 -1 41 -1.8974995240569115e-02</internalNodes>
          <leafValues>
            5.2693283557891846e-01 -3.8394403457641602e-01</leafValues></_>
        <_>
          <internalNodes>
            0 -1 80 3.6901433486491442e-04</internalNodes>
          <leafValues>
            2.1448083221912384e-01 -1.</leafValues></_>
        <_>
          <internalNodes>
            0 -1 80 -2.7591714751906693e-04</internalNodes>
          <leafValues>
            -8.0798649787902832e-01 2.3747818171977997e-01</leafValues></_>
        <_>
          <internalNodes>
            0 -1 94 -3.7555249873548746e-03</internalNodes>
          <leafValues>
            6.8278825283050537e-01 -3.3907312154769897e-01</leafValues></_></weakClassifiers></_>
    <!-- stage 6 -->
    <_>
      <maxWeakCount>5</maxWeakCount>
      <stageThreshold>-9.8289632797241211e-01</stageThreshold>
      <weakClassifiers>
        <_>
          <internalNodes>
            0 -1 51 8.3788735792040825e-03</internalNodes>
          <leafValues>
            -6.1087864637374878e-01 5.0000000000000000e-01</leafValues></_>
        <_>
          <internalNodes>
            0 -1 9 -1.7722299162414856e-05</internalNodes>
          <leafValues>
            2.3569320142269135e-01 -6.3997620344161987e-01</leafValues></_>
        <_>
          <internalNodes>
            0 -1 2 2.1229945123195648e-02</internalNodes>
          <leafValues>
            -3.1908389925956726e-01 6.4008396863937378e-01</leafValues></_>
        <_>
          <internalNodes>
            0 -1 59 8.7404914665967226e-04</internalNodes>
          <leafValues>
            2.4355812370777130e-01 -8.4770435094833374e-01</leafValues></_>
        <_>
          <internalNodes>
            0 -1 99 1.5978311421349645e-04</internalNodes>
          <leafValues>
            -5.3218507766723633e-01 3.5657665133476257e-01</leafValues></_></weakClassifiers></_>
    <!-- stage 7 -->
    <_>
      <maxWeakCount>6</maxWeakCount>
      <stageThreshold>-9.5841920375823975e-01</stageThreshold>
      <weakClassifiers>
        <_>
          <internalNodes>
            0 -1 81 -1.4079233631491661e-02</internalNodes>
          <leafValues>
            5.1428571343421936e-02 -7.4655646085739136e-01</leafValues></_>
        <_>
          <internalNodes>
            0 -1 49 -2.4846866726875305e-02</internalNodes>
          <leafValues>
            -8.4047186374664307e-01 9.7324684262275696e-02</leafValues></_>
        <_>
          <internalNodes>
            0 -1 12 1.5687488485127687e-04</internalNodes>
          <leafValues>
            1.8633140623569489e-01 -7.6086390018463135e-01</leafValues></_>
        <_>
          <internalNodes>
            0 -1 70 3.6985366605222225e-03</internalNodes>
          <leafValues>
            2.1428932249546051e-01 -8.0795830488204956e-01</leafValues></_>
        <_>
          <internalNodes>
            0 -1 66 -7.4477875605225563e-03</internalNodes>
          <leafValues>
            7.8066962957382202e-01 -2.3946242034435272e-01</leafValues></_>
        <_>
          <internalNodes>
            0 -1 92 -9.3453899025917053e-03</internalNodes>
          <leafValues>
            5.7344192266464233e-01 -3.3053424954414368e-01</leafValues></_></weakClassifiers></_>
    <!-- stage 8 -->
    <_>
      <maxWeakCount>6</maxWeakCount>
      <stageThreshold>-1.2158049345016479e+00</stageThreshold>
      <weakClassifiers>
        <_>
          <internalNodes>
            0 -1 38 -1.1188725009560585e-02</internalNodes>
          <leafValues>
            3.6585366725921631e-01 -6.4035087823867798e-01</leafValues></_>
        <_>
          <internalNodes>
            0 -1 18 -4.3898284435272217e-02</internalNodes>
          <leafValues>
            4.1878682374954224e-01 -4.2702424526214600e-01</leafValues></_>
        <_>
          <internalNodes>
            0 -1 87 -3.3836746588349342e-03</internalNodes>
          <leafValues>
            5.7058233022689819e-01 -3.0601993203163147e-01</leafValues></_>
        <_>
          <internalNodes>
            0 -1 26 7.4993650196120143e-04</internalNodes>
          <leafValues>
            2.1268436312675476e-01 -8.9996004104614258e-01</leafValues></_>
        <_>
          <internalNodes>
            0 -1 42 4.2072366923093796e-03</internalNodes>
          <leafValues>
            -3.8533189892768860e-01 5.2865868806838989e-01</leafValues></_>
        <_>
          <internalNodes>
            0 -1 78 6.0428241267800331e-03</internalNodes>
          <leafValues>
            -2.7953124046325684e-01 6.8913507461547852e-01</leafValues></_></weakClassifiers></_>
    <!-- stage 9 -->
    <_>
      <maxWeakCount>8</maxWeakCount>
      <stageThreshold>-1.2170515060424805e+00</stageThreshold>
      <weakClassifiers>
        <_>
          <internalNodes>
            0 -1 30 1.6460822522640228e-01</internalNodes>
          <leafValues>
            -6.2740898132324219e-01 4.3661972880363464e-01</leafValues></_>
        <_>
          <internalNodes>
            0 -1 58 -1.3837896985933185e-03</internalNodes>
          <leafValues>
            -9.6071290969848633e-01 6.9340728223323822e-02</leafValues></_>
        <_>
          <internalNodes>
            0 -1 31 2.4097200948745012e-03</internalNodes>
          <leafValues>
            -2.6907935738563538e-01 6.3538324832916260e-01</leafValues></_>
        <_>
          <internalNodes>
            0 -1 109 2.4650272098369896e-04</internalNodes>
          <leafValues>
            2.6822495460510254e-01 -7.0393270254135132e-01</leafValues></_>
        <_>
          <internalNodes>
            0 -1 60 -8.7920548394322395e-03</internalNodes>
          <leafValues>
            5.8240824937820435e-01 -3.3124136924743652e-01</leafValues></_>
        <_>
          <internalNodes>
            0 -1 83 -8.6414404213428497e-03</internalNodes>
          <leafValues>
            3.8485410809516907e-01 -4.3096572160720825e-01</leafValues></_>
        <_>
          <internalNodes>
            0 -1 23 1.1693034321069717e-03</internalNodes>
          <leafValues>
            -3.1273084878921509e-01 5.2575939893722534e-01</leafValues></_>
        <_>
          <internalNodes>
            0 -1 13 -1.4461582526564598e-02</internalNodes>
          <leafValues>
            6.2833350896835327e-01 -3.4050267934799194e-01</leafValues></_></weakClassifiers></_>
    <!-- stage 10 -->
    <_>
      <maxWeakCount>8</maxWeakCount>
      <stageThreshold>-1.2785761356353760e+00</stageThreshold>
      <weakClassifiers>
        <_>
          <internalNodes>
            0 -1 25 -1.6852229833602905e-02</internalNodes>
          <leafValues>
            3.4210526943206787e-01 -6.2337660789489746e-01</leafValues></_>
        <_>
          <internalNodes>
            0 -1 93 3.4229585435241461e-03</internalNodes>
          <leafValues>
            -2.9181322455406189e-01 6.5737241506576538e-01</leafValues></_>
        <_>
          <internalNodes>
            0 -1 72 -1.1252560652792454e-03</internalNodes>
          <leafValues>
            -9.3612188100814819e-01 1.7211653292179108e-01</leafValues></_>
        <_>
          <internalNodes>
            0 -1 19 -6.6298834281042218e-04</internalNodes>
          <leafValues>
            3.1317174434661865e-01 -5.2886563539505005e-01</leafValues></_>
        <_>
          <internalNodes>
            0 -1 75 8.8383331894874573e-03</internalNodes>
          <leafValues>
            -2.4640339612960815e-01 6.4074790477752686e-01</leafValues></_>
        <_>
          <internalNodes>
            0 -1 45 6.0661390423774719e-02</internalNodes>
          <leafValues>
            -2.1293579041957855e-01 7.6054525375366211e-01</leafValues></_>
        <_>
          <internalNodes>
            0 -1 100 1.2139395403210074e-04</internalNodes>
          <leafValues>
            -4.7304320335388184e-01 3.8218292593955994e-01</leafValues></_>
        <_>
          <internalNodes>
            0 -1 52 -1.4055538922548294e-02</internalNodes>
          <leafValues>
            -7.7151829004287720e-01 2.0485499501228333e-01</leafValues></_></weakClassifiers></_>
    <!-- stage 11 -->
    <_>
      <maxWeakCount>7</maxWeakCount>
      <stageThreshold>-1.6830475330352783e+00</stageThreshold>
      <weakClassifiers>
        <_>
          <internalNodes>
            0 -1 11 -2.2118620574474335e-02</internalNodes>
          <leafValues>
            4.2857143282890320e-01 -5.9336102008819580e-01</leafValues></_>
        <_>
          <internalNodes>
            0 -1 39 3.1888231635093689e-02</internalNodes>
          <leafValues>
            1.4642636477947235e-01 -7.7148258686065674e-01</leafValues></_>
        <_>
          <internalNodes>
            0 -1 12 -1.1870104935951531e-04</internalNodes>
          <leafValues>
            -4.9300631880760193e-01 2.9080700874328613e-01</leafValues></_>
        <_>
          <internalNodes>
            0 -1 76 2.1921482402831316e-04</internalNodes>
          <leafValues>
            2.2937330603599548e-01 -7.7490174770355225e-01</leafValues></_>
        <_>
          <internalNodes>
            0 -1 37 8.0813959240913391e-02</internalNodes>
          <leafValues>
            -2.7940315008163452e-01 6.5885466337203979e-01</leafValues></_>
        <_>
          <internalNodes>
            0 -1 46 -2.1677685901522636e-02</internalNodes>
          <leafValues>
            6.5607511997222900e-01 -3.1157422065734863e-01</leafValues></_>
        <_>
          <internalNodes>
            0 -1 106 4.2660589679144323e-04</internalNodes>
          <leafValues>
            -4.8552602529525757e-01 3.8649615645408630e-01</leafValues></_></weakClassifiers></_>
    <!-- stage 12 -->
    <_>
      <maxWeakCount>6</maxWeakCount>
      <stageThreshold>-8.0730420351028442e-01</stageThreshold>
      <weakClassifiers>
        <_>
          <internalNodes>
            0 -1 74 7.1635893546044827e-03</internalNodes>
          <leafValues>
            -5.5992144346237183e-01 7.9310345649719238e-01</leafValues></_>
        <_>
          <internalNodes>
            0 -1 107 1.7727916201693006e-05</internalNodes>
          <leafValues>
            -7.7327519655227661e-01 1.9012790918350220e-01</leafValues></_>
        <_>
          <internalNodes>
            0 -1 96 -1.2365011498332024e-03</internalNodes>
          <leafValues>
            5.9328782558441162e-01 -2.8456631302833557e-01</leafValues></_>
        <_>
          <internalNodes>
            0 -1 56 1.8952782556880265e-04</internalNodes>
          <leafValues>
            1.8124066293239594e-01 -8.5649251937866211e-01</leafValues></_>
        <_>
          <internalNodes>
            0 -1 57 -2.5668996386229992e-04</internalNodes>
          <leafValues>
            -7.8991580009460449e-01 2.2743837535381317e-01</leafValues></_>
        <_>
          <internalNodes>
            0 -1 32 5.8532180264592171e-04</internalNodes>
          <leafValues>
            -3.9783462882041931e-01 4.7610971331596375e-01</leafValues></_></weakClassifiers></_>
    <!-- stage 13 -->
    <_>
      <maxWeakCount>8</maxWeakCount>
      <stageThreshold>-1.3172633647918701e+00</stageThreshold>
      <weakClassifiers>
        <_>
          <internalNodes>
            0 -1 35 1.3531978242099285e-02</internalNodes>
          <leafValues>
            -6.0676532983779907e-01 3.8461539149284363e-01</leafValues></_>
        <_>
          <internalNodes>
            0 -1 10 -1.7727916201693006e-05</internalNodes>
          <leafValues>
            1.3503371179103851e-01 -7.5501471757888794e-01</leafValues></_>
        <_>
          <internalNodes>
            0 -1 40 -5.5139563977718353e-02</internalNodes>
          <leafValues>
            -9.5727157592773438e-01 1.0880137979984283e-01</leafValues></_>
        <_>
          <internalNodes>
            0 -1 65 -1.3207295909523964e-02</internalNodes>
          <leafValues>
            7.4848842620849609e-01 -2.1282738447189331e-01</leafValues></_>
        <_>
          <internalNodes>
            0 -1 15 5.9202142059803009e-02</internalNodes>
          <leafValues>
            -2.7819970250129700e-01 5.3808349370956421e-01</leafValues></_>
        <_>
          <internalNodes>
            0 -1 79 -6.3797412440180779e-03</internalNodes>
          <leafValues>
            6.4066296815872192e-01 -2.4413146078586578e-01</leafValues></_>
        <_>
          <internalNodes>
            0 -1 17 3.2507129013538361e-02</internalNodes>
          <leafValues>
            2.1953678131103516e-01 -7.7659153938293457e-01</leafValues></_>
        <_>
          <internalNodes>
            0 -1 4 -9.3032559379935265e-03</internalNodes>
          <leafValues>
            3.7671387195587158e-01 -4.2870986461639404e-01</leafValues></_></weakClassifiers></_>
    <!-- stage 14 -->
    <_>
      <maxWeakCount>9</maxWeakCount>
      <stageThreshold>-1.3059666156768799e+00</stageThreshold>
      <weakClassifiers>
        <_>
          <internalNodes>
            0 -1 55 3.4410059452056885e-02</internalNodes>
          <leafValues>
            -5.8704453706741333e-01 6.3636362552642822e-01</leafValues></_>
        <_>
          <internalNodes>
            0 -1 71 -3.2466636039316654e-03</internalNodes>
          <leafValues>
            2.7924388647079468e-01 -5.7431590557098389e-01</leafValues></_>
        <_>
          <internalNodes>
            0 -1 104 -3.4730717539787292e-02</internalNodes>
          <leafValues>
            -8.7050974369049072e-01 2.2468107938766479e-01</leafValues></_>
        <_>
          <internalNodes>
            0 -1 62 1.8014014931395650e-03</internalNodes>
          <leafValues>
            -3.4640556573867798e-01 4.9028399586677551e-01</leafValues></_>
        <_>
          <internalNodes>
            0 -1 34 -1.2906818883493543e-03</internalNodes>
          <leafValues>
            3.3809024095535278e-01 -5.0146007537841797e-01</leafValues></_>
        <_>
          <internalNodes>
            0 -1 108 1.5083838661666960e-04</internalNodes>
          <leafValues>
            2.4540585279464722e-01 -6.4985698461532593e-01</leafValues></_>
        <_>
          <internalNodes>
            0 -1 90 2.8048583772033453e-03</internalNodes>
          <leafValues>
            -2.9377985000610352e-01 6.1204802989959717e-01</leafValues></_>
        <_>
          <internalNodes>
            0 -1 54 1.0704874992370605e-02</internalNodes>
          <leafValues>
            2.2648455202579498e-01 -8.7407952547073364e-01</leafValues></_>
        <_>
          <internalNodes>
            0 -1 67 -2.9711746610701084e-03</internalNodes>
          <leafValues>
            6.9584560394287109e-01 -2.9207813739776611e-01</leafValues></_></weakClassifiers></_>
    <!-- stage 15 -->
    <_>
      <maxWeakCount>8</maxWeakCount>
      <stageThreshold>-1.5765371322631836e+00</stageThreshold>
      <weakClassifiers>
        <_>
          <internalNodes>
            0 -1 14 -3.5695236921310425e-01</internalNodes>
          <leafValues>
            7.3333334922790527e-01 -5.9837728738784790e-01</leafValues></_>
        <_>
          <internalNodes>
            0 -1 47 -3.4376564435660839e-03</internalNodes>
          <leafValues>
            5.5802929401397705e-01 -3.8280454277992249e-01</leafValues></_>
        <_>
          <internalNodes>
            0 -1 61 -4.2357016354799271e-03</internalNodes>
          <leafValues>
            -9.7307467460632324e-01 2.2435812652111053e-01</leafValues></_>
        <_>
          <internalNodes>
            0 -1 69 1.3242178596556187e-02</internalNodes>
          <leafValues>
            -3.2323104143142700e-01 5.8827298879623413e-01</leafValues></_>
        <_>
          <internalNodes>
            0 -1 64 -8.8649652898311615e-03</internalNodes>
          <leafValues>
            8.0052334070205688e-01 -1.9885396957397461e-01</leafValues></_>
        <_>
          <internalNodes>
            0 -1 105 1.0886826785281301e-03</internalNodes>
          <leafValues>
            3.1210723519325256e-01 -6.0115408897399902e-01</leafValues></_>
        <_>
          <internalNodes>
            0 -1 84 -1.1961456038989127e-04</internalNodes>
          <leafValues>
            5.9023696184158325e-01 -3.5836440324783325e-01</leafValues></_>
        <_>
          <internalNodes>
            0 -1 53 -3.3502595033496618e-03</internalNodes>
          <leafValues>
            6.1590838432312012e-01 -2.7894377708435059e-01</leafValues></_></weakClassifiers></_>
    <!-- stage 16 -->
    <_>
      <maxWeakCount>7</maxWeakCount>
      <stageThreshold>-1.1866327524185181e+00</stageThreshold>
      <weakClassifiers>
        <_>
          <internalNodes>
            0 -1 50 8.0786451697349548e-02</internalNodes>
          <leafValues>
            -6.0000002384185791e-01 1.</leafValues></_>
        <_>
          <internalNodes>
            0 -1 7 -1.5676813200116158e-03</internalNodes>
          <leafValues>
            -6.8854606151580811e-01 2.2716723382472992e-01</leafValues></_>
        <_>
          <internalNodes>
            0 -1 103 -1.7041172832250595e-02</internalNodes>
          <leafValues>
            -8.0821597576141357e-01 2.6469480991363525e-01</leafValues></_>
        <_>
          <internalNodes>
            0 -1 68 -1.2938300147652626e-02</internalNodes>
          <leafValues>
            6.0163253545761108e-01 -5.1365602016448975e-01</leafValues></_>
        <_>
          <internalNodes>
            0 -1 101 4.6089832903817296e-04</internalNodes>
          <leafValues>
            2.9292142391204834e-01 -7.7027034759521484e-01</leafValues></_>
        <_>
          <internalNodes>
            0 -1 77 2.2409489378333092e-02</internalNodes>
          <leafValues>
            -3.1342291831970215e-01 7.4840569496154785e-01</leafValues></_>
        <_>
          <internalNodes>
            0 -1 5 -3.9798080921173096e-02</internalNodes>
          <leafValues>
            5.1885449886322021e-01 -4.0368989109992981e-01</leafValues></_></weakClassifiers></_>
    <!-- stage 17 -->
    <_>
      <maxWeakCount>3</maxWeakCount>
      <stageThreshold>-8.1852799654006958e-01</stageThreshold>
      <weakClassifiers>
        <_>
          <internalNodes>
            0 -1 88 1.7648062203079462e-03</internalNodes>
          <leafValues>
            -7.2786176204681396e-01 1.</leafValues></_>
        <_>
          <internalNodes>
            0 -1 82 5.6078477064147592e-04</internalNodes>
          <leafValues>
            -5.2973753213882446e-01 6.9444429874420166e-01</leafValues></_>
        <_>
          <internalNodes>
            0 -1 44 1.4314966276288033e-02</internalNodes>
          <leafValues>
            4.3907135725021362e-01 -7.6319652795791626e-01</leafValues></_></weakClassifiers></_></stages>
  <features>
    <_>
      <rects>
        <_>
          0 5 6 14 -1.</_>
        <_>
          2 5 2 14 3.</_></rects>
      <tilted>0</tilted></_>
    <_>
      <rects>
        <_>
          0 9 6 4 -1.</_>
        <_>
          2 9 2 4 3.</_></rects>
      <tilted>0</tilted></_>
    <_>
      <rects>
        <_>
          0 10 9 8 -1.</_>
        <_>
          3 10 3 8 3.</_></rects>
      <tilted>0</tilted></_>
    <_>
      <rects>
        <_>
          0 10 24 3 -1.</_>
        <_>
          0 11 24 1 3.</_></rects>
      <tilted>0</tilted></_>
    <_>
      <rects>
        <_>
          0 12 4 9 -1.</_>
        <_>
          2 12 2 9 2.</_></rects>
      <tilted>0</tilted></_>
    <_>
      <rects>
        <_>
          0 13 24 5 -1.</_>
        <_>
          8 13 8 5 3.</_></rects>
      <tilted>0</tilted></_>
    <_>
      <rects>
        <_>
          0 15 20 9 -1.</_>
        <_>
          0 18 20 3 3.</_></rects>
      <tilted>0</tilted></_>
    <_>
      <rects>
        <_>
          0 16 1 6 -1.</_>
        <_>
          0 18 1 2 3.</_></rects>
      <tilted>0</tilted></_>
    <_>
      <rects>
        <_>
          0 16 4 7 -1.</_>
        <_>
          2 16 2 7 2.</_></rects>
      <tilted>0</tilted></_>
    <_>
      <rects>
        <_>
          0 19 2 1 -1.</_>
        <_>
          1 19 1 1 2.</_></rects>
      <tilted>0</tilted></_>
    <_>
      <rects>
        <_>
          0 19 2 4 -1.</_>
        <_>
          1 19 1 4 2.</_></rects>
      <tilted>0</tilted></_>
    <_>
      <rects>
        <_>
          0 20 24 3 -1.</_>
        <_>
          0 21 24 1 3.</_></rects>
      <tilted>0</tilted></_>
    <_>
      <rects>
        <_>
          1 2 1 3 -1.</_>
        <_>
          1 3 1 1 3.</_></rects>
      <tilted>0</tilted></_>
    <_>
      <rects>
        <_>
          1 7 6 12 -1.</_>
        <_>
          3 7 2 12 3.</_></rects>
      <tilted>0</tilted></_>
    <_>
      <rects>
        <_>
          1 9 19 12 -1.</_>
        <_>
          1 15 19 6 2.</_></rects>
      <tilted>0</tilted></_>
    <_>
      <rects>
        <_>
          1 9 21 6 -1.</_>
        <_>
          1 11 21 2 3.</_></rects>
      <tilted>0</tilted></_>
    <_>
      <rects>
        <_>
          1 12 22 12 -1.</_>
        <_>
          1 16 22 4 3.</_></rects>
      <tilted>0</tilted></_>
    <_>
      <rects>
        <_>
          1 13 20 8 -1.</_>
        <_>
          1 13 10 4 2.</_>
        <_>
          11 17 10 4 2.</_></rects>
      <tilted>0</tilted></_>
    <_>
      <rects>
        <_>
          1 15 22 6 -1.</_>
        <_>
          1 17 22 2 3.</_></rects>
      <tilted>0</tilted></_>
    <_>
      <rects>
        <_>
          1 17 2 7 -1.</_>
        <_>
          2 17 1 7 2.</_></rects>
      <tilted>0</tilted></_>
    <_>
      <rects>
        <_>
          2 0 8 6 -1.</_>
        <_>
          6 0 4 6 2.</_></rects>
      <tilted>0</tilted></_>
    <_>
      <rects>
        <_>
          2 10 19 8 -1.</_>
        <_>
          2 14 19 4 2.</_></rects>
      <tilted>0</tilted></_>
    <_>
      <rects>
        <_>
          2 11 16 3 -1.</_>
        <_>
          2 12 16 1 3.</_></rects>
      <tilted>0</tilted></_>
    <_>
      <rects>
        <_>
          2 12 3 4 -1.</_>
        <_>
          3 12 1 4 3.</_></rects>
      <tilted>0</tilted></_>
    <_>
      <rects>
        <_>
          2 14 19 10 -1.</_>
        <_>
          2 19 19 5 2.</_></rects>
      <tilted>0</tilted></_>
    <_>
      <rects>
        <_>
          2 18 21 3 -1.</_>
        <_>
          2 19 21 1 3.</_></rects>
      <tilted>0</tilted></_>
    <_>
      <rects>
        <_>
          2 23 6 1 -1.</_>
        <_>
          4 23 2 1 3.</_></rects>
      <tilted>0</tilted></_>
    <_>
      <rects>
        <_>
          3 5 18 18 -1.</_>
        <_>
          3 11 18 6 3.</_></rects>
      <tilted>0</tilted></_>
    <_>
      <rects>
        <_>
          3 8 13 6 -1.</_>
        <_>
          3 10 13 2 3.</_></rects>
      <tilted>0</tilted></_>
    <_>
      <rects>
        <_>
          3 8 18 14 -1.</_>
        <_>
          3 15 18 7 2.</_></rects>
      <tilted>0</tilted></_>
    <_>
      <rects>
        <_>
          3 8 20 9 -1.</_>
        <_>
          3 11 20 3 3.</_></rects>
      <tilted>0</tilted></_>
    <_>
      <rects>
        <_>
          3 12 3 3 -1.</_>
        <_>
          4 12 1 3 3.</_></rects>
      <tilted>0</tilted></_>
    <_>
      <rects>
        <_>
          3 13 2 4 -1.</_>
        <_>
          4 13 1 4 2.</_></rects>
      <tilted>0</tilted></_>
    <_>
      <rects>
        <_>
          3 18 14 4 -1.</_>
        <_>
          10 18 7 4 2.</_></rects>
      <tilted>0</tilted></_>
    <_>
      <rects>
        <_>
          4 8 12 16 -1.</_>
        <_>
          8 8 4 16 3.</_></rects>
      <tilted>0</tilted></_>
    <_>
      <rects>
        <_>
          4 12 13 3 -1.</_>
        <_>
          4 13 13 1 3.</_></rects>
      <tilted>0</tilted></_>
    <_>
      <rects>
        <_>
          4 15 17 9 -1.</_>
        <_>
          4 18 17 3 3.</_></rects>
      <tilted>0</tilted></_>
    <_>
      <rects>
        <_>
          4 18 16 6 -1.</_>
        <_>
          4 21 16 3 2.</_></rects>
      <tilted>0</tilted></_>
    <_>
      <rects>
        <_>
          4 19 14 3 -1.</_>
        <_>
          4 20 14 1 3.</_></rects>
      <tilted>0</tilted></_>
    <_>
      <rects>
        <_>
          5 0 12 24 -1.</_>
        <_>
          5 0 6 12 2.</_>
        <_>
          11 12 6 12 2.</_></rects>
      <tilted>0</tilted></_>
    <_>
      <rects>
        <_>
          5 4 14 16 -1.</_>
        <_>
          5 4 7 8 2.</_>
        <_>
          12 12 7 8 2.</_></rects>
      <tilted>0</tilted></_>
    <_>
      <rects>
        <_>
          5 5 13 6 -1.</_>
        <_>
          5 7 13 2 3.</_></rects>
      <tilted>0</tilted></_>
    <_>
      <rects>
        <_>
          5 8 13 3 -1.</_>
        <_>
          5 9 13 1 3.</_></rects>
      <tilted>0</tilted></_>
    <_>
      <rects>
        <_>
          6 5 7 6 -1.</_>
        <_>
          6 7 7 2 3.</_></rects>
      <tilted>0</tilted></_>
    <_>
      <rects>
        <_>
          6 6 16 6 -1.</_>
        <_>
          6 6 8 3 2.</_>
        <_>
          14 9 8 3 2.</_></rects>
      <tilted>0</tilted></_>
    <_>
      <rects>
        <_>
          6 8 12 6 -1.</_>
        <_>
          6 10 12 2 3.</_></rects>
      <tilted>0</tilted></_>
    <_>
      <rects>
        <_>
          6 17 9 6 -1.</_>
        <_>
          6 20 9 3 2.</_></rects>
      <tilted>0</tilted></_>
    <_>
      <rects>
        <_>
          6 21 12 3 -1.</_>
        <_>
          6 22 12 1 3.</_></rects>
      <tilted>0</tilted></_>
    <_>
      <rects>
        <_>
          7 3 12 18 -1.</_>
        <_>
          7 12 12 9 2.</_></rects>
      <tilted>0</tilted></_>
    <_>
      <rects>
        <_>
          7 8 10 16 -1.</_>
        <_>
          7 8 5 8 2.</_>
        <_>
          12 16 5 8 2.</_></rects>
      <tilted>0</tilted></_>
    <_>
      <rects>
        <_>
          7 18 10 6 -1.</_>
        <_>
          7 21 10 3 2.</_></rects>
      <tilted>0</tilted></_>
    <_>
      <rects>
        <_>
          8 0 8 3 -1.</_>
        <_>
          8 1 8 1 3.</_></rects>
      <tilted>0</tilted></_>
    <_>
      <rects>
        <_>
          8 1 8 14 -1.</_>
        <_>
          8 1 4 7 2.</_>
        <_>
          12 8 4 7 2.</_></rects>
      <tilted>0</tilted></_>
    <_>
      <rects>
        <_>
          8 2 11 3 -1.</_>
        <_>
          8 3 11 1 3.</_></rects>
      <tilted>0</tilted></_>
    <_>
      <rects>
        <_>
          8 13 8 4 -1.</_>
        <_>
          12 13 4 4 2.</_></rects>
      <tilted>0</tilted></_>
    <_>
      <rects>
        <_>
          8 18 14 6 -1.</_>
        <_>
          8 20 14 2 3.</_></rects>
      <tilted>0</tilted></_>
    <_>
      <rects>
        <_>
          8 22 3 1 -1.</_>
        <_>
          9 22 1 1 3.</_></rects>
      <tilted>0</tilted></_>
    <_>
      <rects>
        <_>
          8 22 3 2 -1.</_>
        <_>
          9 22 1 2 3.</_></rects>
      <tilted>0</tilted></_>
    <_>
      <rects>
        <_>
          9 2 6 1 -1.</_>
        <_>
          11 2 2 1 3.</_></rects>
      <tilted>0</tilted></_>
    <_>
      <rects>
        <_>
          9 3 6 2 -1.</_>
        <_>
          11 3 2 2 3.</_></rects>
      <tilted>0</tilted></_>
    <_>
      <rects>
        <_>
          9 3 6 6 -1.</_>
        <_>
          9 5 6 2 3.</_></rects>
      <tilted>0</tilted></_>
    <_>
      <rects>
        <_>
          9 8 6 4 -1.</_>
        <_>
          9 8 3 2 2.</_>
        <_>
          12 10 3 2 2.</_></rects>
      <tilted>0</tilted></_>
    <_>
      <rects>
        <_>
          9 10 4 3 -1.</_>
        <_>
          9 11 4 1 3.</_></rects>
      <tilted>0</tilted></_>
    <_>
      <rects>
        <_>
          9 11 10 3 -1.</_>
        <_>
          9 12 10 1 3.</_></rects>
      <tilted>0</tilted></_>
    <_>
      <rects>
        <_>
          9 16 6 3 -1.</_>
        <_>
          9 17 6 1 3.</_></rects>
      <tilted>0</tilted></_>
    <_>
      <rects>
        <_>
          9 18 3 6 -1.</_>
        <_>
          9 20 3 2 3.</_></rects>
      <tilted>0</tilted></_>
    <_>
      <rects>
        <_>
          9 20 9 3 -1.</_>
        <_>
          9 21 9 1 3.</_></rects>
      <tilted>0</tilted></_>
    <_>
      <rects>
        <_>
          9 21 10 3 -1.</_>
        <_>
          9 22 10 1 3.</_></rects>
      <tilted>0</tilted></_>
    <_>
      <rects>
        <_>
          10 9 1 12 -1.</_>
        <_>
          10 15 1 6 2.</_></rects>
      <tilted>0</tilted></_>
    <_>
      <rects>
        <_>
          10 12 12 4 -1.</_>
        <_>
          16 12 6 4 2.</_></rects>
      <tilted>0</tilted></_>
    <_>
      <rects>
        <_>
          10 18 6 4 -1.</_>
        <_>
          13 18 3 4 2.</_></rects>
      <tilted>0</tilted></_>
    <_>
      <rects>
        <_>
          10 18 4 6 -1.</_>
        <_>
          10 20 4 2 3.</_></rects>
      <tilted>0</tilted></_>
    <_>
      <rects>
        <_>
          10 22 6 2 -1.</_>
        <_>
          12 22 2 2 3.</_></rects>
      <tilted>0</tilted></_>
    <_>
      <rects>
        <_>
          11 1 2 14 -1.</_>
        <_>
          11 8 2 7 2.</_></rects>
      <tilted>0</tilted></_>
    <_>
      <rects>
        <_>
          11 9 1 6 -1.</_>
        <_>
          11 12 1 3 2.</_></rects>
      <tilted>0</tilted></_>
    <_>
      <rects>
        <_>
          11 11 2 6 -1.</_>
        <_>
          11 13 2 2 3.</_></rects>
      <tilted>0</tilted></_>
    <_>
      <rects>
        <_>
          12 22 3 2 -1.</_>
        <_>
          13 22 1 2 3.</_></rects>
      <tilted>0</tilted></_>
    <_>
      <rects>
        <_>
          13 0 8 12 -1.</_>
        <_>
          13 0 4 6 2.</_>
        <_>
          17 6 4 6 2.</_></rects>
      <tilted>0</tilted></_>
    <_>
      <rects>
        <_>
          13 1 3 6 -1.</_>
        <_>
          13 3 3 2 3.</_></rects>
      <tilted>0</tilted></_>
    <_>
      <rects>
        <_>
          13 8 3 6 -1.</_>
        <_>
          13 10 3 2 3.</_></rects>
      <tilted>0</tilted></_>
    <_>
      <rects>
        <_>
          13 22 3 2 -1.</_>
        <_>
          14 22 1 2 3.</_></rects>
      <tilted>0</tilted></_>
    <_>
      <rects>
        <_>
          14 0 8 8 -1.</_>
        <_>
          18 0 4 8 2.</_></rects>
      <tilted>0</tilted></_>
    <_>
      <rects>
        <_>
          14 18 10 2 -1.</_>
        <_>
          14 18 5 1 2.</_>
        <_>
          19 19 5 1 2.</_></rects>
      <tilted>0</tilted></_>
    <_>
      <rects>
        <_>
          15 0 8 10 -1.</_>
        <_>
          19 0 4 10 2.</_></rects>
      <tilted>0</tilted></_>
    <_>
      <rects>
        <_>
          15 3 1 3 -1.</_>
        <_>
          15 4 1 1 3.</_></rects>
      <tilted>0</tilted></_>
    <_>
      <rects>
        <_>
          15 6 9 13 -1.</_>
        <_>
          18 6 3 13 3.</_></rects>
      <tilted>0</tilted></_>
    <_>
      <rects>
        <_>
          15 23 3 1 -1.</_>
        <_>
          16 23 1 1 3.</_></rects>
      <tilted>0</tilted></_>
    <_>
      <rects>
        <_>
          16 1 6 4 -1.</_>
        <_>
          18 1 2 4 3.</_></rects>
      <tilted>0</tilted></_>
    <_>
      <rects>
        <_>
          16 18 1 6 -1.</_>
        <_>
          16 21 1 3 2.</_></rects>
      <tilted>0</tilted></_>
    <_>
      <rects>
        <_>
          16 23 6 1 -1.</_>
        <_>
          18 23 2 1 3.</_></rects>
      <tilted>0</tilted></_>
    <_>
      <rects>
        <_>
          17 1 2 14 -1.</_>
        <_>
          17 1 1 7 2.</_>
        <_>
          18 8 1 7 2.</_></rects>
      <tilted>0</tilted></_>
    <_>
      <rects>
        <_>
          18 4 6 19 -1.</_>
        <_>
          20 4 2 19 3.</_></rects>
      <tilted>0</tilted></_>
    <_>
      <rects>
        <_>
          18 8 6 9 -1.</_>
        <_>
          20 8 2 9 3.</_></rects>
      <tilted>0</tilted></_>
    <_>
      <rects>
        <_>
          18 12 3 4 -1.</_>
        <_>
          19 12 1 4 3.</_></rects>
      <tilted>0</tilted></_>
    <_>
      <rects>
        <_>
          19 10 4 4 -1.</_>
        <_>
          19 10 2 2 2.</_>
        <_>
          21 12 2 2 2.</_></rects>
      <tilted>0</tilted></_>
    <_>
      <rects>
        <_>
          20 3 4 17 -1.</_>
        <_>
          22 3 2 17 2.</_></rects>
      <tilted>0</tilted></_>
    <_>
      <rects>
        <_>
          20 9 2 3 -1.</_>
        <_>
          21 9 1 3 2.</_></rects>
      <tilted>0</tilted></_>
    <_>
      <rects>
        <_>
          20 16 4 6 -1.</_>
        <_>
          22 16 2 6 2.</_></rects>
      <tilted>0</tilted></_>
    <_>
      <rects>
        <_>
          20 20 4 4 -1.</_>
        <_>
          22 20 2 4 2.</_></rects>
      <tilted>0</tilted></_>
    <_>
      <rects>
        <_>
          21 18 2 1 -1.</_>
        <_>
          22 18 1 1 2.</_></rects>
      <tilted>0</tilted></_>
    <_>
      <rects>
        <_>
          21 21 2 3 -1.</_>
        <_>
          22 21 1 3 2.</_></rects>
      <tilted>0</tilted></_>
    <_>
      <rects>
        <_>
          21 23 3 1 -1.</_>
        <_>
          22 23 1 1 3.</_></rects>
      <tilted>0</tilted></_>
    <_>
      <rects>
        <_>
          22 2 1 3 -1.</_>
        <_>
          22 3 1 1 3.</_></rects>
      <tilted>0</tilted></_>
    <_>
      <rects>
        <_>
          22 10 2 8 -1.</_>
        <_>
          22 14 2 4 2.</_></rects>
      <tilted>0</tilted></_>
    <_>
      <rects>
        <_>
          22 10 2 14 -1.</_>
        <_>
          22 17 2 7 2.</_></rects>
      <tilted>0</tilted></_>
    <_>
      <rects>
        <_>
          22 13 2 8 -1.</_>
        <_>
          22 13 1 4 2.</_>
        <_>
          23 17 1 4 2.</_></rects>
      <tilted>0</tilted></_>
    <_>
      <rects>
        <_>
          22 14 2 5 -1.</_>
        <_>
          23 14 1 5 2.</_></rects>
      <tilted>0</tilted></_>
    <_>
      <rects>
        <_>
          22 19 2 1 -1.</_>
        <_>
          23 19 1 1 2.</_></rects>
      <tilted>0</tilted></_>
    <_>
      <rects>
        <_>
          23 0 1 3 -1.</_>
        <_>
          23 1 1 1 3.</_></rects>
      <tilted>0</tilted></_>
    <_>
      <rects>
        <_>
          23 12 1 2 -1.</_>
        <_>
          23 13 1 1 2.</_></rects>
      <tilted>0</tilted></_></features></cascade>
</opencv_storage>
